ID,Predicted
0,4.68135
1,3.8019
2,3.12107
3,3.88356
4,3.3375
5,2.30505
6,3.48851
7,3.36543
8,3.33653
9,2.829
10,3.29566
11,3.36495
12,2.92747
13,2.51624
14,1.71061
15,4.49419
16,3.38112
17,3.37781
18,3.29361
19,1.18656
20,3.41355
21,3.79829
22,2.53111
23,4.24961
24,4.42377
25,3.5809
26,3.75728
27,3.42897
28,4.35793
29,3.51503
30,2.82725
31,3.96931
32,2.4587
33,3.33164
34,4.38694
35,3.55765
36,3.78596
37,2.8857
38,3.34044
39,3.49893
40,2.43929
41,4.32226
42,3.22199
43,3.92445
44,2.02124
45,3.28196
46,3.46036
47,4.07252
48,4.45541
49,3.8744
50,3.71847
51,3.57275
52,2.89894
53,3.38049
54,3.20154
55,4.12857
56,2.81488
57,4.2799
58,3.27622
59,3.66497
60,3.63371
61,3.89579
62,3.91893
63,3.37407
64,3.19728
65,3.0578
66,4.27118
67,4.26143
68,3.60588
69,4.04378
70,3.74237
71,3.47457
72,4.19911
73,3.51508
74,4.26989
75,3.66323
76,2.6851
77,3.83922
78,2.87721
79,2.75124
80,3.11989
81,3.77094
82,4.4784
83,3.32233
84,4.31785
85,3.43368
86,2.94975
87,3.35794
88,2.96186
89,3.2818
90,2.20568
91,3.89364
92,4.00748
93,4.01293
94,3.62968
95,2.94628
96,2.55613
97,3.17644
98,3.93978
99,3.28867
100,3.27741
101,3.78168
102,3.62113
103,3.36734
104,3.91395
105,2.21139
106,3.11849
107,3.50233
108,3.5689
109,2.98925
110,2.30569
111,3.23406
112,3.49537
113,3.18576
114,3.62074
115,2.49886
116,3.90124
117,2.79661
118,3.51795
119,3.74889
120,2.98435
121,4.16509
122,3.27323
123,4.0893
124,3.27564
125,2.96167
126,2.21581
127,4.64776
128,3.15917
129,3.53149
130,3.53487
131,3.74336
132,3.93908
133,4.3991
134,3.97913
135,3.28342
136,4.03656
137,2.42686
138,3.58814
139,4.24344
140,3.19544
141,3.84339
142,2.5386
143,3.47139
144,3.61274
145,2.6675
146,3.13395
147,4.61119
148,4.21161
149,3.51549
150,3.2631
151,2.74579
152,2.4804
153,1.55637
154,2.63481
155,3.75976
156,4.16569
157,1.90078
158,3.8009
159,4.26045
160,4.17988
161,2.36652
162,3.60867
163,3.81704
164,3.22454
165,3.3352
166,3.03621
167,4.22399
168,3.54857
169,3.32379
170,4.02644
171,3.74356
172,3.64249
173,3.93213
174,3.31773
175,4.00206
176,4.28686
177,3.28189
178,3.6166
179,3.64698
180,3.02648
181,3.359
182,3.45757
183,4.35934
184,3.12638
185,2.48599
186,3.91164
187,3.68977
188,3.89991
189,3.76155
190,3.85141
191,3.84031
192,4.27716
193,3.61014
194,3.80718
195,2.66163
196,3.64402
197,4.00516
198,3.1938
199,3.30318
200,4.20215
201,4.23903
202,3.1475
203,2.56899
204,3.48601
205,3.62604
206,3.22847
207,3.90814
208,4.17961
209,3.74234
210,2.55311
211,3.80776
212,2.64643
213,2.73814
214,2.34613
215,3.43516
216,3.77383
217,3.11794
218,1.73765
219,3.31003
220,2.92698
221,2.56233
222,3.2721
223,3.86263
224,3.34871
225,3.23233
226,3.11672
227,3.62757
228,4.08423
229,2.57094
230,3.63658
231,2.80891
232,1.92832
233,3.97604
234,3.88271
235,3.69061
236,3.66903
237,3.97924
238,3.09175
239,2.63087
240,3.52471
241,3.55381
242,3.09055
243,3.43952
244,2.87259
245,3.32367
246,3.3125
247,2.9203
248,3.20313
249,2.66156
250,2.82846
251,2.72807
252,3.82705
253,2.0204
254,4.0913
255,3.45845
256,2.7907
257,3.47941
258,4.03024
259,3.46031
260,2.9983
261,3.54308
262,3.48148
263,3.6042
264,3.93443
265,3.25153
266,4.29483
267,3.32284
268,3.92607
269,1.91969
270,3.67453
271,3.98293
272,3.43193
273,3.53777
274,4.40059
275,3.93693
276,3.69709
277,3.4262
278,3.50969
279,2.5961
280,3.22583
281,4.70018
282,4.03932
283,3.59268
284,3.64229
285,3.00293
286,4.15393
287,2.8292
288,4.15617
289,3.84193
290,3.70273
291,2.88628
292,4.3176
293,3.43857
294,2.3344
295,3.10051
296,2.52287
297,4.33444
298,4.44794
299,2.7946
300,3.53503
301,3.79429
302,2.68011
303,3.11334
304,3.8343
305,4.08571
306,3.48158
307,2.96435
308,3.43315
309,3.82437
310,4.11235
311,3.78272
312,2.94207
313,2.36161
314,3.50027
315,2.83558
316,2.17361
317,2.84638
318,3.237
319,3.86945
320,4.40044
321,3.91471
322,3.71689
323,3.32887
324,3.35871
325,3.70436
326,3.70877
327,3.59552
328,3.20493
329,4.15567
330,4.26789
331,3.6179
332,2.95953
333,3.98066
334,3.7716
335,2.44414
336,3.05577
337,3.93107
338,3.59796
339,3.23163
340,2.8408
341,3.86464
342,3.95283
343,2.30318
344,3.96063
345,3.48227
346,3.81279
347,1.25006
348,3.76321
349,3.34323
350,3.42482
351,2.67494
352,3.50026
353,3.0484
354,3.64347
355,3.21963
356,3.56949
357,4.64658
358,3.88269
359,3.31635
360,3.83332
361,4.08312
362,2.23268
363,3.28276
364,3.62131
365,1.99362
366,4.17276
367,4.10023
368,2.84078
369,3.98235
370,3.68087
371,2.95974
372,2.96085
373,3.44703
374,3.46529
375,3.15225
376,3.80273
377,3.85669
378,3.98124
379,2.92282
380,4.28736
381,2.92356
382,3.14188
383,3.34929
384,2.26459
385,2.88606
386,4.09877
387,4.07773
388,3.87765
389,3.08521
390,4.23619
391,3.33129
392,3.97318
393,3.91381
394,4.08707
395,3.85612
396,3.07814
397,2.69594
398,3.12991
399,3.73715
400,2.7362
401,3.55457
402,3.50484
403,2.34423
404,4.13981
405,3.90991
406,4.1325
407,4.19077
408,3.19711
409,2.89248
410,2.79992
411,3.5432
412,4.23883
413,3.17661
414,4.04145
415,3.69363
416,3.8861
417,3.20756
418,4.22956
419,3.31932
420,4.65068
421,3.71422
422,2.60148
423,4.46739
424,3.07048
425,3.2396
426,3.00656
427,3.38417
428,3.6059
429,2.65978
430,2.99634
431,3.92341
432,3.84975
433,4.14925
434,3.76998
435,4.30107
436,4.12205
437,3.98385
438,3.5216
439,2.57693
440,4.01733
441,3.84313
442,3.59672
443,3.80926
444,3.95953
445,2.80165
446,3.22732
447,3.64783
448,3.34117
449,3.65091
450,4.45828
451,4.80292
452,3.47334
453,3.33356
454,3.35406
455,3.42905
456,3.67234
457,4.40018
458,3.46383
459,4.03454
460,3.92901
461,4.03718
462,3.0398
463,3.59632
464,2.9204
465,3.55311
466,4.26038
467,1.54279
468,3.04143
469,1.43161
470,3.54001
471,3.39056
472,4.16806
473,4.15687
474,4.02888
475,2.38357
476,3.42391
477,3.22809
478,2.78383
479,3.08349
480,3.18434
481,3.24878
482,3.78069
483,2.99986
484,4.12925
485,4.18105
486,2.16291
487,3.45446
488,3.76724
489,3.13166
490,3.99846
491,2.81171
492,3.35552
493,4.20708
494,2.55751
495,4.60118
496,3.62018
497,4.15059
498,3.41091
499,2.81839
500,2.57714
501,3.59838
502,2.5
503,4.01625
504,3.01418
505,3.93395
506,4.32997
507,3.43364
508,3.42434
509,4.25544
510,2.21226
511,3.26285
512,3.73255
513,3.74623
514,4.05287
515,2.63759
516,4.51926
517,2.52281
518,3.81957
519,3.1506
520,3.67726
521,2.74802
522,3.61016
523,3.929
524,4.33163
525,3.2256
526,4.834
527,3.5123
528,2.56585
529,3.27823
530,3.22731
531,4.43456
532,3.20437
533,3.8518
534,2.07779
535,3.53769
536,3.77278
537,3.98895
538,2.60909
539,3.58021
540,3.73904
541,3.46219
542,3.48765
543,3.12496
544,3.63064
545,2.66386
546,3.29825
547,3.28372
548,3.8878
549,1.3449
550,3.7169
551,3.52238
552,3.36945
553,3.4015
554,3.21575
555,4.11354
556,3.63663
557,1.58112
558,3.26593
559,2.98514
560,4.38799
561,3.7117
562,3.24847
563,3.47862
564,3.94809
565,3.62921
566,3.5975
567,3.51318
568,4.10552
569,2.64518
570,2.26679
571,4.15503
572,3.24149
573,4.1205
574,3.05706
575,3.36627
576,3.69023
577,3.08583
578,4.44129
579,3.63996
580,1.9686
581,4.18753
582,3.47648
583,3.15464
584,3.57739
585,3.91143
586,3.35051
587,2.93975
588,3.71684
589,3.38459
590,1.53665
591,2.36353
592,4.24617
593,3.47155
594,3.00979
595,3.60807
596,2.984
597,3.837
598,3.42731
599,3.77531
600,3.53406
601,3.20315
602,3.36022
603,2.45571
604,2.54872
605,3.42805
606,3.49086
607,3.77219
608,2.65285
609,3.40388
610,3.23771
611,3.04576
612,4.5392
613,3.21204
614,3.3776
615,3.3536
616,2.84539
617,2.94984
618,3.62751
619,3.11181
620,4.16745
621,3.79471
622,3.34019
623,4.06311
624,2.24022
625,3.44322
626,2.62797
627,3.08285
628,1.89139
629,3.29222
630,3.8608
631,4.17236
632,3.54841
633,3.83816
634,3.43129
635,3.91789
636,4.00017
637,3.29249
638,3.26407
639,3.66977
640,2.54443
641,3.41901
642,4.00703
643,4.00453
644,3.72781
645,2.86589
646,3.7831
647,3.52426
648,1.06014
649,4.03252
650,3.77741
651,3.33864
652,3.06891
653,3.44011
654,3.30451
655,2.75875
656,3.47598
657,4.19528
658,2.10595
659,4.09475
660,3.53611
661,2.01593
662,3.23829
663,3.88487
664,4.01233
665,3.45873
666,3.65385
667,3.10931
668,3.89662
669,4.07984
670,3.67489
671,3.58361
672,3.71642
673,3.71466
674,3.6698
675,3.25434
676,2.9759
677,3.60914
678,3.5211
679,3.14798
680,3.12282
681,3.82159
682,2.89888
683,3.91246
684,3.25783
685,3.87951
686,3.8543
687,3.85101
688,3.56154
689,2.60619
690,3.50002
691,3.81171
692,3.95048
693,4.35137
694,2.58284
695,3.18093
696,4.24662
697,3.03108
698,3.48128
699,4.08255
700,3.73423
701,4.46017
702,3.91068
703,3.73632
704,2.42896
705,4.06729
706,3.48463
707,3.51516
708,2.6758
709,3.74826
710,3.96508
711,4.08829
712,3.18323
713,3.53176
714,2.59252
715,1.2472
716,3.0729
717,3.75266
718,3.69174
719,3.30836
720,3.61414
721,3.93487
722,4.04251
723,2.83445
724,3.807
725,3.78002
726,3.1646
727,3.75495
728,3.30155
729,3.50548
730,2.96798
731,4.09969
732,3.86336
733,3.57855
734,3.45417
735,2.63102
736,4.30044
737,2.89968
738,3.55093
739,3.62141
740,3.66285
741,3.20653
742,3.31611
743,3.392
744,4.28493
745,4.13704
746,4.43825
747,3.19015
748,3.23388
749,3.60658
750,3.87495
751,2.83064
752,4.21378
753,2.7096
754,4.16468
755,2.43565
756,2.95869
757,3.84895
758,4.03553
759,3.28766
760,3.23673
761,3.98613
762,3.27722
763,3.71136
764,2.73784
765,3.29181
766,3.14643
767,3.78055
768,3.70166
769,3.23653
770,4.03469
771,3.78053
772,4.23923
773,3.15275
774,4.52326
775,3.0528
776,4.04761
777,2.3941
778,4.03539
779,3.55986
780,3.362
781,3.50911
782,3.50081
783,2.82102
784,3.55293
785,3.46571
786,2.4766
787,2.03174
788,3.78222
789,4.24621
790,3.71513
791,3.49932
792,3.27652
793,4.22591
794,3.74581
795,3.88967
796,2.28465
797,3.15195
798,3.23916
799,2.21771
800,4.08689
801,3.33399
802,3.67834
803,3.76149
804,3.11784
805,3.30675
806,3.51549
807,3.45043
808,3.03668
809,3.1496
810,4.37228
811,2.65945
812,4.46246
813,4.12422
814,3.68373
815,4.19496
816,3.19204
817,3.9056
818,3.62688
819,3.96029
820,3.60726
821,4.01743
822,3.90531
823,4.36914
824,3.50327
825,3.40386
826,3.97533
827,2.44698
828,3.95992
829,2.6792
830,3.91137
831,3.0855
832,3.49053
833,3.94558
834,3.11209
835,3.67102
836,2.99265
837,4.08998
838,3.78555
839,2.56038
840,3.63657
841,4.15545
842,3.49034
843,3.64585
844,3.44582
845,3.69225
846,3.90609
847,2.99536
848,4.17625
849,3.80535
850,3.56985
851,3.58399
852,3.4635
853,4.12363
854,2.97846
855,4.47859
856,3.46136
857,2.74752
858,2.61866
859,2.82612
860,3.76768
861,4.56894
862,2.47758
863,3.86805
864,3.33214
865,2.64354
866,1.85773
867,3.3187
868,3.95243
869,3.25457
870,3.95834
871,3.12499
872,2.33002
873,3.80462
874,3.86178
875,3.86639
876,3.81699
877,3.30736
878,3.10969
879,2.99984
880,3.26129
881,3.98926
882,3.88037
883,3.35679
884,2.82724
885,2.99835
886,3.96221
887,3.48087
888,2.77919
889,2.58902
890,3.41223
891,3.31261
892,2.1332
893,3.8113
894,2.73823
895,4.13055
896,3.0243
897,4.51944
898,3.3565
899,2.94836
900,3.73881
901,3.30452
902,1.6567
903,3.75818
904,3.48807
905,3.98727
906,3.22299
907,4.19863
908,2.47005
909,3.90508
910,2.43052
911,3.45694
912,4.63091
913,3.06017
914,3.44633
915,3.47127
916,3.29493
917,3.19005
918,3.78781
919,3.85884
920,3.03247
921,3.58559
922,4.17157
923,3.08681
924,4.00424
925,4.1986
926,3.27923
927,3.43263
928,4.4684
929,3.78497
930,1.64618
931,2.16972
932,3.78615
933,4.05127
934,3.23492
935,3.48117
936,4.35526
937,3.41533
938,3.45425
939,4.08684
940,2.5
941,3.74415
942,3.09338
943,4.47888
944,3.65246
945,2.68676
946,3.41027
947,4.3392
948,3.02634
949,3.52463
950,3.33351
951,3.49411
952,3.59298
953,3.71642
954,2.71669
955,3.82349
956,3.97993
957,3.44628
958,4.2544
959,3.88945
960,3.76924
961,4.11803
962,4.36359
963,3.39005
964,3.39087
965,3.51593
966,3.26083
967,3.81227
968,3.45341
969,3.55478
970,3.22427
971,4.30932
972,3.48155
973,3.32373
974,2.47404
975,3.90179
976,3.67212
977,1.84815
978,3.54247
979,3.67045
980,3.97046
981,3.64097
982,2.79054
983,3.51333
984,3.94571
985,2.6552
986,3.27561
987,4.13641
988,3.96331
989,3.41501
990,3.44227
991,2.76497
992,3.76959
993,4.66777
994,4.1864
995,2.83694
996,3.78954
997,3.94586
998,3.05843
999,4.35717
1000,3.70112
1001,3.58053
1002,3.6292
1003,4.0762
1004,4.06583
1005,4.19552
1006,3.53472
1007,2.74077
1008,2.42398
1009,2.7499
1010,2.75412
1011,4.37941
1012,3.4706
1013,2.90728
1014,3.69397
1015,3.46844
1016,2.78044
1017,3.93339
1018,4.07427
1019,3.64504
1020,3.25288
1021,3.11392
1022,2.32183
1023,3.60068
1024,2.81616
1025,3.68562
1026,3.1216
1027,4.26498
1028,3.36161
1029,3.58363
1030,2.51931
1031,2.94191
1032,3.50105
1033,3.15969
1034,3.08018
1035,3.97242
1036,3.30664
1037,3.65153
1038,3.10864
1039,4.05979
1040,3.71611
1041,2.47719
1042,2.42151
1043,2.28458
1044,3.25322
1045,3.38877
1046,3.69108
1047,3.77557
1048,4.20395
1049,3.0832
1050,4.17354
1051,4.19315
1052,3.83436
1053,4.41157
1054,3.58975
1055,3.95841
1056,3.29482
1057,3.55709
1058,2.70945
1059,3.92016
1060,3.68048
1061,3.50711
1062,3.10754
1063,1.20131
1064,3.39657
1065,3.50129
1066,3.57493
1067,1.97095
1068,3.83926
1069,4.19561
1070,4.02814
1071,3.66043
1072,4.42139
1073,1.47569
1074,2.89761
1075,3.73992
1076,4.4193
1077,2.10836
1078,3.28479
1079,3.13709
1080,3.31982
1081,3.78513
1082,4.27704
1083,3.01276
1084,4.00304
1085,3.42072
1086,3.64129
1087,3.12469
1088,3.315
1089,3.68494
1090,2.70574
1091,2.49977
1092,2.98463
1093,2.72399
1094,3.98535
1095,3.53472
1096,3.73058
1097,3.59366
1098,3.75798
1099,4.02172
1100,3.88685
1101,3.24969
1102,3.88925
1103,3.30473
1104,3.10531
1105,4.08434
1106,3.55074
1107,3.77629
1108,3.97886
1109,3.87825
1110,3.33529
1111,3.28297
1112,4.30572
1113,3.66971
1114,2.98872
1115,3.43685
1116,3.21054
1117,4.18916
1118,3.51781
1119,4.46748
1120,3.01664
1121,3.91403
1122,3.14547
1123,2.66714
1124,3.65485
1125,2.99458
1126,3.77682
1127,2.94339
1128,3.74355
1129,3.60817
1130,3.58351
1131,3.05032
1132,3.37573
1133,2.5
1134,2.35206
1135,2.78598
1136,2.79957
1137,1.9929
1138,3.78194
1139,4.13039
1140,3.30312
1141,3.31993
1142,3.39559
1143,3.35121
1144,4.19467
1145,3.91523
1146,3.90604
1147,4.10835
1148,2.86226
1149,3.15847
1150,3.75919
1151,2.88951
1152,2.76069
1153,3.77203
1154,3.50812
1155,3.40536
1156,4.18379
1157,3.29506
1158,4.43234
1159,4.42131
1160,3.59921
1161,3.15397
1162,2.80928
1163,3.33014
1164,3.431
1165,3.33639
1166,3.6494
1167,3.985
1168,3.59923
1169,3.8906
1170,3.99434
1171,3.94924
1172,4.03994
1173,3.50082
1174,2.98135
1175,4.11567
1176,4.33964
1177,2.80527
1178,3.93575
1179,4.0245
1180,3.68589
1181,3.71156
1182,4.09243
1183,3.6378
1184,3.74536
1185,4.53477
1186,3.12404
1187,3.27542
1188,2.48041
1189,2.31661
1190,4.19881
1191,3.77679
1192,3.77113
1193,2.89478
1194,3.71568
1195,2.52092
1196,3.87546
1197,3.71605
1198,2.98478
1199,3.67578
1200,3.77303
1201,4.0738
1202,4.2423
1203,3.32496
1204,3.10383
1205,3.61205
1206,4.1011
1207,4.46519
1208,3.86447
1209,2.94305
1210,3.19386
1211,3.76608
1212,3.72061
1213,3.27589
1214,0.26067
1215,3.15624
1216,3.25049
1217,3.81605
1218,4.48031
1219,2.58087
1220,3.557
1221,3.24334
1222,2.57143
1223,2.82822
1224,3.76021
1225,3.0643
1226,3.92375
1227,4.34555
1228,3.02441
1229,2.66877
1230,3.27835
1231,3.45321
1232,3.68379
1233,3.57668
1234,2.99495
1235,3.47748
1236,2.48136
1237,2.99551
1238,2.74958
1239,4.04851
1240,3.06462
1241,4.61352
1242,3.41932
1243,3.92558
1244,2.69027
1245,3.85072
1246,3.12744
1247,4.25855
1248,3.55301
1249,3.59185
1250,3.74985
1251,4.17375
1252,4.13029
1253,3.27168
1254,3.76353
1255,3.51062
1256,2.63173
1257,2.98735
1258,2.3436
1259,2.92205
1260,3.44853
1261,3.11687
1262,4.05888
1263,2.26202
1264,3.77903
1265,3.54588
1266,2.86265
1267,3.63558
1268,3.68659
1269,3.62647
1270,3.85916
1271,3.78232
1272,3.48276
1273,3.17012
1274,3.15604
1275,3.80606
1276,4.21006
1277,4.01212
1278,3.56649
1279,3.392
1280,4.57895
1281,4.30349
1282,3.17679
1283,3.03898
1284,4.22088
1285,3.27855
1286,4.35465
1287,3.02351
1288,4.22155
1289,2.93491
1290,1.6939
1291,3.00731
1292,3.44859
1293,4.04396
1294,3.13038
1295,2.46094
1296,3.81952
1297,3.70884
1298,2.3805
1299,4.24772
1300,3.69676
1301,3.58544
1302,4.40568
1303,2.65775
1304,3.2237
1305,3.54699
1306,3.33607
1307,3.09795
1308,2.68591
1309,3.48265
1310,2.69866
1311,3.14934
1312,4.42261
1313,3.8535
1314,3.83836
1315,3.86594
1316,3.44378
1317,3.01048
1318,1.94905
1319,3.97464
1320,3.60532
1321,3.4647
1322,3.31265
1323,2.52139
1324,3.98614
1325,3.95138
1326,3.67981
1327,4.16433
1328,3.10081
1329,3.91145
1330,3.61444
1331,3.43837
1332,3.43738
1333,3.35067
1334,3.11175
1335,4.06598
1336,3.31393
1337,2.70111
1338,2.85023
1339,1.73232
1340,4.36681
1341,3.38915
1342,4.03529
1343,4.09818
1344,3.45387
1345,3.34374
1346,3.79088
1347,3.72676
1348,3.01717
1349,2.39306
1350,3.65192
1351,3.2093
1352,3.33263
1353,3.59625
1354,3.63431
1355,3.66947
1356,3.4708
1357,3.68668
1358,3.36695
1359,2.5549
1360,4.00053
1361,3.70228
1362,3.14368
1363,0.595292
1364,3.54794
1365,3.72894
1366,3.10377
1367,3.49627
1368,2.50227
1369,2.9453
1370,3.78787
1371,3.91219
1372,2.80225
1373,3.73658
1374,3.06382
1375,3.65201
1376,3.61322
1377,4.00772
1378,3.56117
1379,3.60042
1380,3.06473
1381,3.08455
1382,2.63035
1383,3.57989
1384,3.39376
1385,2.92362
1386,3.14087
1387,3.68958
1388,2.57689
1389,3.73581
1390,3.80276
1391,3.45702
1392,3.96653
1393,3.28034
1394,3.29486
1395,3.6501
1396,3.34741
1397,2.72895
1398,3.97274
1399,4.0233
1400,3.5603
1401,3.18626
1402,4.09879
1403,3.69376
1404,3.52306
1405,3.14923
1406,4.28169
1407,3.58933
1408,2.60205
1409,3.93046
1410,4.34869
1411,3.66572
1412,4.01168
1413,3.53238
1414,3.31111
1415,2.78461
1416,3.18189
1417,3.55149
1418,3.30028
1419,2.98365
1420,3.77492
1421,2.56979
1422,3.36595
1423,2.11527
1424,3.87647
1425,2.88187
1426,3.66544
1427,4.00001
1428,3.91541
1429,4.06689
1430,3.19089
1431,2.67631
1432,3.42907
1433,3.9761
1434,4.03299
1435,3.10548
1436,2.92051
1437,3.20247
1438,3.01823
1439,3.69527
1440,2.35604
1441,3.64657
1442,2.88773
1443,3.35278
1444,4.06114
1445,4.51198
1446,3.73233
1447,3.93348
1448,4.55659
1449,4.20267
1450,3.7318
1451,2.4006
1452,3.70427
1453,2.90322
1454,4.32119
1455,3.05558
1456,4.04375
1457,4.05772
1458,3.82126
1459,3.55367
1460,3.42713
1461,3.94085
1462,3.37011
1463,3.36464
1464,4.46773
1465,2.91212
1466,3.83848
1467,2.63105
1468,3.71167
1469,4.17376
1470,3.70482
1471,3.16335
1472,3.40869
1473,4.08476
1474,2.0008
1475,3.67262
1476,2.19999
1477,3.77472
1478,3.01497
1479,3.37569
1480,2.38369
1481,3.27585
1482,2.2887
1483,3.43206
1484,2.83581
1485,4.1833
1486,3.14576
1487,3.96447
1488,3.50592
1489,3.49412
1490,3.80405
1491,2.28499
1492,3.84279
1493,3.31131
1494,2.75799
1495,2.03543
1496,3.56526
1497,3.87312
1498,3.89282
1499,3.60258
1500,3.26149
1501,3.08899
1502,3.5416
1503,4.20571
1504,3.82288
1505,3.78431
1506,4.24737
1507,2.0716
1508,4.50237
1509,3.74532
1510,4.32206
1511,3.71139
1512,4.08637
1513,3.925
1514,3.61391
1515,4.52504
1516,3.61656
1517,3.10141
1518,4.00517
1519,3.63079
1520,3.57321
1521,2.36454
1522,4.11375
1523,3.78773
1524,3.89916
1525,2.90868
1526,3.23011
1527,3.58173
1528,4.34582
1529,3.11658
1530,3.69576
1531,4.05954
1532,1.96149
1533,4.22144
1534,3.35628
1535,2.70125
1536,3.31445
1537,3.75639
1538,3.78493
1539,3.32723
1540,3.59761
1541,4.45888
1542,4.2846
1543,3.5656
1544,4.16048
1545,2.54208
1546,3.72902
1547,4.04188
1548,2.9795
1549,3.19802
1550,3.57667
1551,4.04658
1552,4.28526
1553,1.56217
1554,2.36144
1555,3.70812
1556,2.62997
1557,3.69299
1558,3.55956
1559,2.58177
1560,3.53085
1561,3.46062
1562,2.91034
1563,3.83533
1564,3.15732
1565,3.26819
1566,3.35173
1567,3.10744
1568,2.71285
1569,2.46864
1570,2.52514
1571,3.8898
1572,4.11418
1573,3.51982
1574,4.10659
1575,4.21753
1576,4.32491
1577,3.81907
1578,3.85327
1579,2.3852
1580,4.01174
1581,3.61783
1582,3.76072
1583,3.22329
1584,4.12788
1585,3.78095
1586,3.53227
1587,4.24329
1588,4.19013
1589,2.47807
1590,3.55025
1591,3.52743
1592,3.07409
1593,3.71493
1594,2.52865
1595,4.12095
1596,3.11411
1597,4.05863
1598,3.19077
1599,3.16999
1600,3.21616
1601,2.74982
1602,4.20449
1603,3.14375
1604,4.06546
1605,2.82549
1606,4.20017
1607,3.36498
1608,3.87089
1609,3.47292
1610,3.97785
1611,3.00139
1612,3.63063
1613,2.37449
1614,3.6558
1615,4.14755
1616,3.34851
1617,3.38735
1618,3.9342
1619,3.57996
1620,3.13702
1621,3.87164
1622,3.16172
1623,4.03713
1624,3.74247
1625,3.5487
1626,1.12496
1627,2.34529
1628,4.66923
1629,3.05532
1630,3.27173
1631,4.22854
1632,2.85004
1633,3.11624
1634,4.11424
1635,3.24918
1636,3.86972
1637,4.10923
1638,2.34035
1639,3.03438
1640,3.58417
1641,3.88927
1642,2.97607
1643,4.45705
1644,3.43079
1645,4.08055
1646,3.78312
1647,3.74847
1648,3.9566
1649,3.02003
1650,4.5826
1651,3.27493
1652,3.33166
1653,2.84202
1654,2.43425
1655,3.93583
1656,2.82496
1657,4.11034
1658,3.03979
1659,3.91377
1660,3.40896
1661,3.32546
1662,3.93958
1663,3.02596
1664,4.48867
1665,4.05392
1666,3.43482
1667,2.93417
1668,4.41742
1669,2.55866
1670,4.41859
1671,3.41693
1672,3.35748
1673,3.40171
1674,4.23127
1675,3.9003
1676,3.40249
1677,3.09065
1678,3.11683
1679,2.01857
1680,3.35836
1681,3.2731
1682,3.54943
1683,3.90023
1684,3.43731
1685,3.41397
1686,2.50018
1687,2.69018
1688,3.17619
1689,3.68095
1690,2.6134
1691,3.77804
1692,3.62175
1693,1.87954
1694,3.57087
1695,3.22482
1696,2.8171
1697,3.93611
1698,3.09568
1699,3.7209
1700,3.55714
1701,3.33128
1702,3.56403
1703,4.31166
1704,3.24335
1705,4.30866
1706,3.33885
1707,3.31457
1708,3.75098
1709,4.26468
1710,3.77458
1711,2.84055
1712,2.44166
1713,4.43243
1714,3.44503
1715,2.55398
1716,3.29155
1717,2.94776
1718,2.93598
1719,3.74633
1720,3.33791
1721,3.72492
1722,2.67112
1723,3.58092
1724,2.80064
1725,2.87433
1726,2.79619
1727,2.82673
1728,2.84718
1729,3.99625
1730,3.79163
1731,2.70765
1732,3.7775
1733,4.33905
1734,3.68636
1735,2.74935
1736,3.61897
1737,3.22834
1738,4.53507
1739,3.53441
1740,3.81049
1741,3.12419
1742,3.17871
1743,4.08111
1744,4.15475
1745,3.23358
1746,3.6599
1747,2.84229
1748,3.77231
1749,3.47409
1750,3.27275
1751,2.69531
1752,2.93335
1753,3.56177
1754,2.93812
1755,3.64503
1756,3.18569
1757,3.2028
1758,3.35495
1759,4.0226
1760,3.51483
1761,3.86647
1762,3.20903
1763,2.99526
1764,3.14056
1765,4.22943
1766,3.01329
1767,4.13817
1768,3.0716
1769,3.53858
1770,3.70759
1771,4.02154
1772,3.69782
1773,4.0307
1774,1.71854
1775,1.59013
1776,3.66202
1777,3.20777
1778,3.15372
1779,3.40702
1780,3.55267
1781,3.90322
1782,3.01629
1783,3.07116
1784,3.73953
1785,2.73355
1786,3.91954
1787,3.86629
1788,3.91731
1789,3.49088
1790,3.84373
1791,3.818
1792,2.71541
1793,4.14909
1794,2.91816
1795,3.35303
1796,3.2528
1797,3.72015
1798,2.55191
1799,2.71627
1800,3.61524
1801,4.24609
1802,2.89221
1803,4.20049
1804,3.83332
1805,3.46786
1806,2.83463
1807,3.86577
1808,3.90182
1809,3.41711
1810,3.06091
1811,3.60375
1812,4.11194
1813,3.66602
1814,3.37044
1815,3.91335
1816,3.93317
1817,4.34751
1818,4.10777
1819,3.89913
1820,3.77435
1821,3.60438
1822,3.90653
1823,4.0702
1824,2.95006
1825,2.14887
1826,3.18097
1827,4.04363
1828,3.49896
1829,3.24842
1830,3.39235
1831,3.49277
1832,2.89155
1833,4.51396
1834,3.32302
1835,3.68611
1836,3.60402
1837,2.84274
1838,3.66648
1839,4.71208
1840,3.05352
1841,3.49912
1842,3.21447
1843,3.1196
1844,3.71549
1845,2.97795
1846,3.00225
1847,3.80607
1848,3.80802
1849,2.59977
1850,4.12738
1851,3.92432
1852,3.49632
1853,3.43141
1854,3.56959
1855,3.93714
1856,3.94151
1857,3.17988
1858,3.54189
1859,3.80204
1860,3.54908
1861,4.119
1862,2.63461
1863,3.14586
1864,2.27531
1865,3.83283
1866,3.75572
1867,3.8391
1868,2.04483
1869,3.49945
1870,3.53858
1871,3.74568
1872,4.12936
1873,4.34878
1874,4.17171
1875,3.72134
1876,3.50163
1877,3.44702
1878,2.56589
1879,2.57021
1880,2.6245
1881,2.2019
1882,3.18623
1883,3.01591
1884,2.54916
1885,3.31256
1886,3.30571
1887,3.05008
1888,3.10909
1889,3.69735
1890,4.02019
1891,3.7964
1892,4.19597
1893,3.51815
1894,3.34669
1895,3.15044
1896,4.40089
1897,4.09162
1898,2.66165
1899,3.03182
1900,3.97266
1901,2.8846
1902,3.5456
1903,3.16808
1904,3.2612
1905,3.33587
1906,2.97263
1907,3.2107
1908,3.77534
1909,3.75366
1910,4.1281
1911,3.00922
1912,4.08718
1913,2.90913
1914,3.036
1915,3.43888
1916,3.13794
1917,3.63276
1918,3.6277
1919,1.50773
1920,4.14655
1921,4.20529
1922,3.15731
1923,4.19908
1924,3.69908
1925,3.79829
1926,3.0041
1927,3.17199
1928,3.20122
1929,3.2016
1930,2.97065
1931,3.38423
1932,4.28172
1933,3.83645
1934,4.25826
1935,2.52467
1936,1.86067
1937,3.14105
1938,2.95868
1939,3.47391
1940,4.11488
1941,3.5613
1942,3.02038
1943,2.59632
1944,2.9292
1945,3.82362
1946,3.26023
1947,1.97907
1948,4.3365
1949,3.72928
1950,3.88639
1951,4.0839
1952,4.08866
1953,3.83678
1954,3.6161
1955,2.87089
1956,2.74629
1957,3.5635
1958,3.5754
1959,2.83707
1960,1.24001
1961,4.02031
1962,2.98121
1963,3.92904
1964,3.20866
1965,3.998
1966,3.83431
1967,3.50403
1968,4.66642
1969,3.76171
1970,2.75085
1971,3.37059
1972,3.65642
1973,3.70763
1974,1.81419
1975,2.17042
1976,2.64242
1977,3.42902
1978,4.24181
1979,2.72085
1980,4.06628
1981,3.38335
1982,4.00938
1983,3.79491
1984,4.24968
1985,3.57591
1986,3.55862
1987,2.08113
1988,3.62254
1989,2.73172
1990,3.08669
1991,3.69961
1992,3.60624
1993,2.55774
1994,3.22055
1995,1.48973
1996,2.81469
1997,3.78981
1998,2.32822
1999,2.85009
2000,3.74726
2001,3.41848
2002,2.78697
2003,3.1283
2004,3.92248
2005,3.63992
2006,3.48493
2007,4.15731
2008,3.61801
2009,3.7815
2010,2.91578
2011,3.65676
2012,4.07981
2013,2.03163
2014,2.61464
2015,3.34979
2016,4.19428
2017,4.53581
2018,3.43833
2019,3.56496
2020,3.88365
2021,4.60709
2022,3.84643
2023,4.26586
2024,2.46769
2025,3.58707
2026,2.60468
2027,3.75495
2028,3.45638
2029,3.38783
2030,2.0595
2031,3.82151
2032,3.98102
2033,4.3016
2034,3.49684
2035,4.21877
2036,2.82217
2037,3.74283
2038,3.93244
2039,3.39743
2040,2.47874
2041,3.73475
2042,3.41924
2043,3.48464
2044,3.46136
2045,3.74406
2046,4.00397
2047,3.71192
2048,3.78611
2049,2.38453
2050,3.84705
2051,3.28997
2052,3.53366
2053,3.19117
2054,3.84231
2055,4.01487
2056,2.7943
2057,3.98587
2058,3.44465
2059,2.62721
2060,3.84218
2061,2.27448
2062,3.34341
2063,4.47702
2064,3.97736
2065,2.96725
2066,3.76169
2067,3.62476
2068,2.87347
2069,3.92409
2070,3.43051
2071,3.63261
2072,3.21134
2073,3.95746
2074,4.10818
2075,4.04993
2076,2.78061
2077,2.94195
2078,3.53624
2079,3.17229
2080,3.85096
2081,4.31527
2082,2.76779
2083,2.65968
2084,3.84974
2085,3.84456
2086,3.73541
2087,3.60768
2088,4.23129
2089,3.56068
2090,3.06418
2091,2.5769
2092,3.89024
2093,3.39197
2094,3.58215
2095,3.13753
2096,2.98496
2097,3.38924
2098,3.58778
2099,3.4691
2100,3.2575
2101,3.17172
2102,4.17137
2103,3.72588
2104,2.55602
2105,3.78315
2106,1.89455
2107,3.60585
2108,3.41673
2109,3.72255
2110,3.41145
2111,3.30742
2112,3.35884
2113,4.08949
2114,3.93926
2115,3.76122
2116,3.28773
2117,3.55553
2118,4.09694
2119,2.87901
2120,4.04251
2121,2.93563
2122,3.16441
2123,3.38226
2124,3.80276
2125,3.97042
2126,3.6765
2127,3.19843
2128,3.51281
2129,0.895529
2130,2.68066
2131,2.77
2132,4.45836
2133,2.69086
2134,3.45167
2135,2.92242
2136,2.91667
2137,2.6037
2138,3.81931
2139,2.90201
2140,3.80367
2141,3.28331
2142,3.72503
2143,2.7159
2144,3.1523
2145,3.74979
2146,4.10684
2147,3.88215
2148,3.53619
2149,3.00017
2150,4.45838
2151,3.68542
2152,3.6822
2153,2.01335
2154,3.0255
2155,3.69342
2156,3.28463
2157,3.54568
2158,2.97858
2159,4.24533
2160,3.13078
2161,3.82906
2162,3.8563
2163,3.59784
2164,3.45064
2165,3.81745
2166,3.69885
2167,3.6661
2168,3.26836
2169,4.52147
2170,3.01421
2171,3.7764
2172,3.72622
2173,3.04622
2174,2.51809
2175,4.10772
2176,3.35523
2177,3.85673
2178,3.5333
2179,3.6484
2180,3.12984
2181,4.25856
2182,4.1625
2183,1.91823
2184,4.02204
2185,2.9487
2186,3.51132
2187,4.46252
2188,2.91569
2189,3.85186
2190,3.34227
2191,4.22165
2192,3.33138
2193,3.65342
2194,3.79684
2195,3.65803
2196,3.62006
2197,2.70492
2198,3.87738
2199,3.73761
2200,2.31348
2201,2.32908
2202,4.08172
2203,4.02448
2204,4.45216
2205,3.79309
2206,4.10939
2207,3.42112
2208,4.17762
2209,3.75481
2210,3.8653
2211,4.06638
2212,3.6823
2213,3.78986
2214,4.34263
2215,3.71627
2216,3.755
2217,2.94335
2218,3.16024
2219,3.96703
2220,3.95116
2221,3.3441
2222,3.65526
2223,3.41617
2224,4.40955
2225,4.36655
2226,3.7074
2227,4.28732
2228,3.05054
2229,3.1805
2230,3.50448
2231,2.40106
2232,3.21649
2233,3.81248
2234,4.21098
2235,2.45035
2236,3.66002
2237,3.55152
2238,3.99913
2239,3.93833
2240,3.95427
2241,3.86535
2242,3.27571
2243,3.85347
2244,3.14983
2245,3.59612
2246,3.78318
2247,4.34708
2248,4.16761
2249,3.75245
2250,3.6191
2251,3.11125
2252,3.47323
2253,3.90626
2254,4.33218
2255,3.36377
2256,3.64246
2257,3.34958
2258,3.21721
2259,3.55976
2260,4.00193
2261,3.88303
2262,3.38688
2263,3.8366
2264,3.16212
2265,3.26659
2266,3.79761
2267,3.65215
2268,3.36837
2269,3.82181
2270,3.89087
2271,3.86569
2272,3.85053
2273,3.75769
2274,3.35283
2275,3.96049
2276,2.75341
2277,4.13395
2278,3.6027
2279,3.20344
2280,3.20147
2281,3.58603
2282,3.44042
2283,2.41657
2284,3.70738
2285,3.89917
2286,3.72846
2287,3.80893
2288,2.81675
2289,3.77644
2290,3.28521
2291,3.818
2292,3.66006
2293,3.71287
2294,4.04286
2295,3.0722
2296,3.64991
2297,2.48161
2298,4.17627
2299,4.08867
2300,3.90819
2301,3.13475
2302,3.55982
2303,3.47123
2304,3.17293
2305,3.99593
2306,3.98467
2307,3.69038
2308,3.75453
2309,2.81373
2310,4.03534
2311,3.54004
2312,4.25886
2313,3.90892
2314,3.41465
2315,3.4784
2316,1.95518
2317,3.60939
2318,3.41162
2319,3.80737
2320,4.10918
2321,4.12833
2322,3.05205
2323,2.94951
2324,1.08464
2325,3.63481
2326,2.71005
2327,3.61015
2328,3.1545
2329,3.03029
2330,3.96063
2331,2.84406
2332,2.57797
2333,4.20297
2334,3.67736
2335,3.87257
2336,4.16761
2337,4.27502
2338,3.86791
2339,3.47216
2340,4.61848
2341,3.61939
2342,3.4994
2343,3.86752
2344,3.29162
2345,3.83782
2346,4.18867
2347,3.2166
2348,3.6779
2349,3.29354
2350,3.22149
2351,4.08586
2352,1.46318
2353,3.73214
2354,3.89588
2355,2.78266
2356,3.54511
2357,2.73919
2358,3.95775
2359,4.46657
2360,3.81879
2361,2.10803
2362,2.3302
2363,3.33703
2364,3.49872
2365,4.18027
2366,3.26557
2367,4.2236
2368,4.13697
2369,3.37408
2370,3.09818
2371,3.4282
2372,3.8095
2373,2.22722
2374,3.91884
2375,4.20631
2376,3.97729
2377,3.31689
2378,3.31797
2379,3.87998
2380,2.64506
2381,3.15046
2382,3.30569
2383,4.37193
2384,4.11689
2385,4.12388
2386,2.8255
2387,1.8032
2388,4.16121
2389,1.58625
2390,2.75652
2391,3.89274
2392,3.38887
2393,3.3577
2394,4.10468
2395,4.03562
2396,3.57888
2397,2.81739
2398,2.22887
2399,3.58517
2400,1.98744
2401,3.70044
2402,3.31842
2403,3.40705
2404,2.72506
2405,2.69964
2406,2.66173
2407,3.46245
2408,2.64349
2409,3.23761
2410,3.80878
2411,3.04189
2412,3.49175
2413,4.14309
2414,3.77201
2415,2.92958
2416,3.44929
2417,4.01383
2418,3.26738
2419,3.37443
2420,4.07178
2421,3.0319
2422,3.99809
2423,3.76976
2424,3.82823
2425,2.51939
2426,3.65573
2427,3.19302
2428,3.39506
2429,4.03421
2430,3.38945
2431,1.86163
2432,3.49449
2433,3.4852
2434,3.31578
2435,3.57973
2436,3.55112
2437,4.36022
2438,3.87476
2439,2.94731
2440,3.09695
2441,3.55454
2442,3.04902
2443,4.11273
2444,3.93666
2445,3.77552
2446,4.04949
2447,3.91459
2448,3.52682
2449,3.66647
2450,2.48283
2451,4.19364
2452,3.9828
2453,3.30776
2454,3.52826
2455,3.38452
2456,3.54485
2457,2.52799
2458,3.83471
2459,3.80427
2460,4.1261
2461,3.09924
2462,4.52874
2463,3.40445
2464,3.06712
2465,3.06173
2466,4.48258
2467,3.27504
2468,3.88317
2469,2.83323
2470,3.54341
2471,2.65934
2472,3.81545
2473,3.53893
2474,3.64209
2475,4.21594
2476,3.25891
2477,4.01531
2478,3.45676
2479,3.89994
2480,4.50128
2481,3.15184
2482,3.47007
2483,3.22753
2484,2.90353
2485,3.30523
2486,3.26417
2487,4.21384
2488,3.45835
2489,3.78794
2490,3.6271
2491,3.48671
2492,3.78274
2493,3.96337
2494,3.95558
2495,3.61209
2496,3.09016
2497,4.37266
2498,3.59296
2499,2.25806
2500,1.88918
2501,2.88541
2502,3.77936
2503,3.57088
2504,3.24848
2505,4.54343
2506,2.57301
2507,4.27046
2508,3.57277
2509,2.80804
2510,3.77039
2511,4.16272
2512,2.80741
2513,3.35612
2514,2.61004
2515,3.41779
2516,3.63232
2517,4.24599
2518,3.03379
2519,3.63531
2520,3.47688
2521,4.5524
2522,1.913
2523,2.88611
2524,3.42337
2525,3.53883
2526,2.5928
2527,3.58922
2528,3.08238
2529,4.1291
2530,3.12773
2531,3.00948
2532,3.63625
2533,4.12005
2534,3.7078
2535,4.48335
2536,3.17179
2537,3.48831
2538,2.89156
2539,3.81753
2540,2.27629
2541,3.67951
2542,3.32967
2543,3.9431
2544,2.66188
2545,3.73193
2546,3.82944
2547,3.48411
2548,3.69281
2549,2.60793
2550,3.81149
2551,3.74584
2552,3.76362
2553,2.9282
2554,4.16868
2555,2.83238
2556,4.03549
2557,3.68692
2558,3.929
2559,1.66024
2560,2.95167
2561,3.34135
2562,1.49099
2563,4.04529
2564,3.81276
2565,3.07003
2566,3.61262
2567,3.53184
2568,2.91396
2569,3.48542
2570,3.86977
2571,4.11105
2572,3.01847
2573,3.44755
2574,4.34177
2575,2.62571
2576,3.23841
2577,3.23754
2578,3.51563
2579,2.44534
2580,3.53567
2581,3.87574
2582,4.36018
2583,3.28676
2584,3.68351
2585,4.04621
2586,2.76248
2587,3.5967
2588,4.08378
2589,3.63024
2590,3.4071
2591,3.67783
2592,3.79947
2593,3.3764
2594,3.63205
2595,3.63776
2596,3.30865
2597,4.0387
2598,1.64902
2599,4.08856
2600,4.16367
2601,4.13768
2602,3.48894
2603,3.1297
2604,3.16311
2605,3.35201
2606,3.9758
2607,3.68492
2608,2.44002
2609,4.51617
2610,4.02708
2611,3.81439
2612,3.13058
2613,2.3341
2614,2.75841
2615,2.40274
2616,3.26957
2617,3.8773
2618,3.60956
2619,3.44113
2620,3.52629
2621,3.27456
2622,3.42912
2623,3.28122
2624,3.58768
2625,2.26831
2626,2.85572
2627,3.41501
2628,3.85262
2629,3.55229
2630,4.10626
2631,3.65408
2632,3.96774
2633,3.60646
2634,4.33794
2635,2.91987
2636,4.10774
2637,3.44687
2638,3.40006
2639,2.83817
2640,4.12147
2641,3.89394
2642,3.93979
2643,3.33366
2644,2.02637
2645,4.35005
2646,2.8722
2647,1.88795
2648,2.99341
2649,3.47589
2650,3.42345
2651,3.5197
2652,4.1614
2653,2.57067
2654,3.54487
2655,3.70944
2656,3.05874
2657,2.62808
2658,3.68568
2659,2.91284
2660,4.49019
2661,2.49034
2662,4.23771
2663,1.93532
2664,3.25397
2665,3.87059
2666,3.38601
2667,3.4412
2668,4.00507
2669,3.41171
2670,3.5012
2671,3.35293
2672,2.758
2673,3.5342
2674,3.21197
2675,2.31005
2676,3.41268
2677,3.47113
2678,3.84388
2679,3.15719
2680,3.13466
2681,4.13122
2682,2.37242
2683,3.2328
2684,3.91969
2685,3.64747
2686,3.78516
2687,3.30741
2688,2.35432
2689,3.54031
2690,2.13681
2691,3.27025
2692,3.70768
2693,3.14073
2694,2.80153
2695,2.65575
2696,3.92023
2697,3.11776
2698,3.25121
2699,2.37108
2700,3.61527
2701,1.7102
2702,2.69108
2703,3.4174
2704,2.57094
2705,2.61777
2706,4.43434
2707,3.64897
2708,3.76334
2709,2.96212
2710,3.34574
2711,3.58265
2712,2.9745
2713,4.08288
2714,3.54677
2715,4.3542
2716,2.47506
2717,2.47245
2718,4.06756
2719,4.06635
2720,3.24714
2721,3.97839
2722,4.10908
2723,2.9749
2724,3.4693
2725,3.87973
2726,4.50205
2727,3.59796
2728,2.90367
2729,3.37176
2730,2.99075
2731,3.78332
2732,3.05663
2733,3.72311
2734,3.97707
2735,3.87881
2736,3.06841
2737,2.56059
2738,3.56207
2739,3.35968
2740,2.95631
2741,2.10054
2742,3.57545
2743,3.90368
2744,3.80592
2745,2.67074
2746,4.21749
2747,3.38074
2748,3.08288
2749,2.79339
2750,2.11441
2751,3.79738
2752,3.5539
2753,4.17815
2754,3.74693
2755,3.70433
2756,3.92387
2757,3.72267
2758,3.66359
2759,3.42126
2760,3.7826
2761,2.88626
2762,3.22776
2763,3.43624
2764,3.60514
2765,2.4385
2766,3.48669
2767,4.20426
2768,3.34577
2769,3.36327
2770,2.09652
2771,4.1166
2772,2.14047
2773,3.65731
2774,3.69591
2775,3.02251
2776,3.60764
2777,3.78543
2778,3.87205
2779,3.84491
2780,3.72959
2781,3.50558
2782,2.96924
2783,3.41174
2784,2.76665
2785,3.69576
2786,2.90415
2787,3.05918
2788,3.14768
2789,3.13971
2790,3.53561
2791,4.21854
2792,4.25608
2793,3.63033
2794,3.16699
2795,3.77032
2796,4.07009
2797,4.21325
2798,2.80875
2799,2.72664
2800,3.68049
2801,3.86897
2802,2.91928
2803,4.22759
2804,3.35114
2805,4.4145
2806,2.71595
2807,3.61278
2808,3.22245
2809,3.38587
2810,3.19165
2811,3.4181
2812,3.03428
2813,4.08844
2814,1.95128
2815,3.66545
2816,3.6039
2817,3.40323
2818,3.85651
2819,3.4645
2820,3.96968
2821,3.23857
2822,3.59688
2823,1.92082
2824,2.91847
2825,4.07587
2826,3.69968
2827,3.20554
2828,3.74424
2829,3.31259
2830,4.13411
2831,3.56157
2832,2.96924
2833,3.34764
2834,3.6735
2835,3.39052
2836,4.06851
2837,3.44789
2838,3.49929
2839,2.32744
2840,2.44198
2841,3.99788
2842,3.60945
2843,3.55098
2844,4.29344
2845,4.29458
2846,3.20926
2847,2.94154
2848,3.63636
2849,3.32916
2850,3.66276
2851,4.19815
2852,4.53626
2853,3.78747
2854,3.87577
2855,3.59666
2856,3.11004
2857,3.70859
2858,4.18196
2859,3.82692
2860,3.49475
2861,3.61427
2862,3.45796
2863,2.7467
2864,3.54354
2865,4.21156
2866,3.93368
2867,2.91465
2868,3.448
2869,3.77401
2870,2.90258
2871,3.55083
2872,3.23959
2873,3.63529
2874,4.05381
2875,4.16011
2876,2.24107
2877,3.42701
2878,3.35553
2879,3.13714
2880,2.85252
2881,2.47971
2882,3.83701
2883,3.75905
2884,3.58207
2885,3.45098
2886,3.14591
2887,1.05477
2888,2.63377
2889,3.17799
2890,2.61058
2891,3.90345
2892,3.937
2893,4.05289
2894,4.15953
2895,3.37938
2896,3.64867
2897,3.69714
2898,3.26984
2899,4.16142
2900,3.87005
2901,2.6454
2902,3.59615
2903,3.4349
2904,3.27934
2905,3.19467
2906,4.25387
2907,3.73787
2908,3.96939
2909,3.52985
2910,3.9426
2911,2.95415
2912,3.79366
2913,3.53241
2914,3.42008
2915,3.1662
2916,3.77506
2917,2.86617
2918,3.45586
2919,4.09979
2920,3.77079
2921,3.35067
2922,2.93728
2923,3.31942
2924,3.29241
2925,3.28867
2926,3.58689
2927,4.65212
2928,4.34531
2929,3.35151
2930,4.02302
2931,3.59934
2932,2.77014
2933,2.54431
2934,3.41092
2935,3.90794
2936,3.42085
2937,3.57828
2938,4.78605
2939,3.80108
2940,3.55508
2941,3.99233
2942,3.1558
2943,3.84583
2944,3.56358
2945,4.03355
2946,4.1092
2947,3.44564
2948,3.27426
2949,3.35129
2950,3.14725
2951,1.81595
2952,3.80214
2953,4.42543
2954,3.23808
2955,3.31397
2956,2.67207
2957,3.73734
2958,4.06172
2959,2.75181
2960,2.93341
2961,3.83984
2962,3.59444
2963,1.99904
2964,2.61851
2965,3.31644
2966,2.64606
2967,3.55558
2968,4.50342
2969,3.94917
2970,3.65334
2971,3.62456
2972,2.26682
2973,3.16341
2974,2.3579
2975,3.77252
2976,3.54928
2977,3.93994
2978,3.55279
2979,3.94799
2980,2.67502
2981,2.55904
2982,3.88851
2983,3.48325
2984,4.30755
2985,4.55095
2986,3.36237
2987,3.44502
2988,2.98559
2989,3.6513
2990,3.57875
2991,3.48304
2992,4.18507
2993,3.93136
2994,3.84815
2995,3.48313
2996,3.22155
2997,3.76787
2998,4.41533
2999,4.55665
3000,2.53165
3001,3.50619
3002,3.46672
3003,4.11231
3004,2.48569
3005,2.98287
3006,3.49132
3007,2.21003
3008,3.1932
3009,3.52474
3010,3.61828
3011,1.52285
3012,3.74479
3013,4.12121
3014,2.22957
3015,3.72288
3016,3.79948
3017,3.57638
3018,2.29645
3019,3.45957
3020,3.35393
3021,3.12187
3022,3.91241
3023,3.85811
3024,3.9245
3025,4.03049
3026,2.36029
3027,3.4485
3028,4.13467
3029,2.91492
3030,4.09871
3031,2.93281
3032,0.0948491
3033,3.71438
3034,3.65903
3035,4.0457
3036,3.4498
3037,3.93562
3038,3.833
3039,2.96136
3040,3.48035
3041,2.53158
3042,2.82401
3043,2.13075
3044,4.07124
3045,4.51712
3046,3.61015
3047,4.07606
3048,2.38285
3049,3.57679
3050,4.36484
3051,3.77088
3052,2.73127
3053,3.84487
3054,3.8023
3055,3.73758
3056,3.99091
3057,4.0006
3058,2.32743
3059,2.8034
3060,3.95953
3061,3.12926
3062,2.9645
3063,3.36635
3064,3.66985
3065,2.74059
3066,3.57232
3067,4.19363
3068,3.84442
3069,3.1704
3070,4.57278
3071,3.23869
3072,3.26369
3073,3.38058
3074,3.52308
3075,4.48883
3076,3.77571
3077,3.735
3078,3.22382
3079,1.32948
3080,2.61998
3081,3.66329
3082,3.89891
3083,3.11939
3084,3.71658
3085,3.06114
3086,2.92995
3087,1.94201
3088,2.42866
3089,3.40988
3090,4.33821
3091,3.32256
3092,3.43197
3093,3.6374
3094,4.1794
3095,3.44217
3096,3.63594
3097,4.22887
3098,3.48378
3099,4.03998
3100,4.42517
3101,4.03488
3102,1.02255
3103,3.949
3104,3.86957
3105,4.26853
3106,4.6656
3107,3.79632
3108,0.598187
3109,3.852
3110,3.98622
3111,3.7758
3112,3.42233
3113,3.80621
3114,3.47187
3115,3.27528
3116,3.60019
3117,4.32216
3118,3.51861
3119,3.44668
3120,3.72206
3121,2.74331
3122,2.22473
3123,3.21385
3124,2.94946
3125,3.81248
3126,3.47098
3127,3.66442
3128,3.1613
3129,2.07887
3130,3.4279
3131,3.62613
3132,4.04388
3133,3.72805
3134,2.97834
3135,3.56012
3136,3.80958
3137,3.63901
3138,3.92894
3139,3.2777
3140,4.05451
3141,4.09624
3142,3.93693
3143,3.06047
3144,3.36103
3145,2.70002
3146,3.08862
3147,3.47355
3148,3.56293
3149,4.43565
3150,0.952444
3151,3.36338
3152,3.70936
3153,3.20831
3154,4.227
3155,3.22967
3156,3.51876
3157,3.78249
3158,2.63947
3159,3.68292
3160,4.38871
3161,3.50091
3162,3.49336
3163,2.99516
3164,3.69586
3165,3.63376
3166,3.29623
3167,3.64149
3168,2.90979
3169,2.90115
3170,3.81571
3171,3.32903
3172,3.28503
3173,2.7803
3174,3.3201
3175,2.89467
3176,3.75123
3177,2.66744
3178,3.32531
3179,3.21464
3180,3.86942
3181,3.07755
3182,3.60027
3183,3.43884
3184,3.47364
3185,3.68764
3186,4.14231
3187,3.06854
3188,2.57416
3189,3.79777
3190,4.76806
3191,3.37434
3192,3.88817
3193,3.73629
3194,3.04464
3195,4.15077
3196,3.04348
3197,2.63004
3198,3.92985
3199,3.60817
3200,3.23379
3201,2.98649
3202,4.1523
3203,4.10101
3204,2.9944
3205,2.76053
3206,3.49133
3207,3.63888
3208,2.49454
3209,4.56721
3210,2.94367
3211,4.14404
3212,3.9438
3213,3.60518
3214,3.59138
3215,3.45464
3216,3.09864
3217,3.26509
3218,3.12327
3219,3.56842
3220,3.52827
3221,3.84529
3222,3.86274
3223,2.41706
3224,2.86674
3225,2.45792
3226,3.63602
3227,3.4428
3228,3.53151
3229,3.30947
3230,3.88067
3231,2.8042
3232,3.29893
3233,3.68793
3234,3.45178
3235,3.28918
3236,3.58262
3237,3.96208
3238,3.33018
3239,3.40577
3240,2.70334
3241,3.92629
3242,3.53814
3243,3.57399
3244,3.87543
3245,2.42394
3246,3.37424
3247,3.80657
3248,4.08285
3249,2.93401
3250,3.91695
3251,3.5304
3252,3.37164
3253,3.26679
3254,2.69438
3255,3.83024
3256,1.95701
3257,3.22224
3258,3.21008
3259,3.68465
3260,4.26389
3261,2.78177
3262,3.8038
3263,3.42248
3264,2.96523
3265,4.0091
3266,3.55033
3267,4.22589
3268,2.78876
3269,3.5051
3270,3.6324
3271,3.94136
3272,3.06432
3273,3.64051
3274,3.81361
3275,4.44547
3276,4.19344
3277,2.75456
3278,3.42171
3279,2.935
3280,3.69969
3281,3.21793
3282,3.15633
3283,2.37763
3284,3.56568
3285,3.36637
3286,4.13081
3287,3.76657
3288,2.26791
3289,4.37172
3290,3.36024
3291,2.38318
3292,3.55613
3293,3.07185
3294,3.73754
3295,3.94873
3296,4.26737
3297,3.19438
3298,4.33451
3299,3.67409
3300,3.49807
3301,3.08183
3302,3.86383
3303,4.08982
3304,4.08889
3305,4.04684
3306,2.42445
3307,3.87932
3308,2.53044
3309,3.46716
3310,3.63518
3311,3.92032
3312,3.5483
3313,4.09115
3314,4.51992
3315,3.68499
3316,4.3948
3317,3.44805
3318,3.19086
3319,3.1528
3320,3.41752
3321,3.14865
3322,2.44567
3323,3.95229
3324,3.66579
3325,3.73573
3326,3.43418
3327,2.34088
3328,4.02267
3329,2.94444
3330,3.45434
3331,3.24728
3332,3.31708
3333,2.58619
3334,4.00204
3335,3.46923
3336,2.1942
3337,1.38839
3338,2.99926
3339,3.09938
3340,1.41483
3341,3.66067
3342,3.80345
3343,2.76549
3344,2.34876
3345,3.61366
3346,2.83258
3347,3.38108
3348,3.20564
3349,3.78528
3350,3.99089
3351,3.56523
3352,3.76986
3353,3.49468
3354,2.06773
3355,3.22728
3356,4.09761
3357,3.66067
3358,4.44846
3359,3.40414
3360,3.09861
3361,3.30445
3362,3.35854
3363,3.51534
3364,4.69144
3365,4.10376
3366,3.06409
3367,3.08429
3368,2.40581
3369,3.19458
3370,3.40886
3371,3.66136
3372,3.87944
3373,3.76736
3374,4.18577
3375,2.81749
3376,3.78963
3377,3.42003
3378,3.35311
3379,3.70324
3380,2.98703
3381,3.57228
3382,4.37398
3383,3.68637
3384,3.78622
3385,3.72129
3386,3.15529
3387,4.70333
3388,4.68349
3389,2.38449
3390,3.24912
3391,1.46172
3392,3.42092
3393,4.51967
3394,3.9952
3395,2.89629
3396,3.26979
3397,3.37037
3398,2.45662
3399,3.87686
3400,4.32361
3401,4.23661
3402,3.13789
3403,3.04074
3404,4.21794
3405,3.57295
3406,3.85331
3407,4.09206
3408,3.3306
3409,3.96546
3410,3.84725
3411,4.3877
3412,3.3708
3413,3.06266
3414,3.07651
3415,3.29889
3416,3.4847
3417,2.89022
3418,2.89141
3419,3.17479
3420,3.17929
3421,2.65744
3422,4.37912
3423,1.19425
3424,3.52992
3425,3.59312
3426,2.50628
3427,3.57097
3428,3.00373
3429,2.74501
3430,3.77483
3431,3.87311
3432,3.87132
3433,3.49997
3434,4.45598
3435,3.10192
3436,4.34465
3437,4.43796
3438,3.99928
3439,3.36222
3440,4.25715
3441,2.9079
3442,3.51538
3443,3.82758
3444,3.89769
3445,3.64455
3446,4.2802
3447,3.83219
3448,3.72929
3449,4.02269
3450,3.36402
3451,3.6493
3452,1.10221
3453,3.61077
3454,3.94304
3455,2.83867
3456,3.13205
3457,3.86838
3458,3.51798
3459,3.4402
3460,3.76193
3461,3.26098
3462,3.32389
3463,3.64074
3464,3.18063
3465,4.00085
3466,3.82621
3467,4.54696
3468,3.84755
3469,3.8538
3470,3.9345
3471,3.93499
3472,2.921
3473,3.75549
3474,1.23952
3475,3.61168
3476,2.14989
3477,3.91319
3478,4.14203
3479,3.18704
3480,2.13104
3481,2.63136
3482,4.22146
3483,3.13886
3484,4.05627
3485,3.63994
3486,3.56804
3487,4.2769
3488,1.28051
3489,3.53015
3490,4.4898
3491,3.48594
3492,3.79308
3493,3.63946
3494,3.90992
3495,3.88277
3496,4.00947
3497,4.15878
3498,3.71381
3499,3.64204
3500,4.26868
3501,3.60814
3502,2.69156
3503,2.44732
3504,3.36232
3505,3.34799
3506,3.55132
3507,3.71282
3508,3.44744
3509,4.32365
3510,3.82906
3511,3.08139
3512,3.41676
3513,4.07814
3514,3.11778
3515,4.00641
3516,4.03872
3517,3.60943
3518,2.99753
3519,3.34002
3520,4.14461
3521,2.61795
3522,3.70912
3523,3.65223
3524,4.18156
3525,3.18932
3526,4.16156
3527,3.83641
3528,3.53813
3529,4.16879
3530,3.10325
3531,3.97038
3532,2.10577
3533,2.2041
3534,2.76301
3535,3.57388
3536,3.5137
3537,3.59801
3538,4.02205
3539,3.14176
3540,3.3788
3541,3.19241
3542,4.10499
3543,3.3645
3544,3.85154
3545,3.94305
3546,2.28784
3547,4.08576
3548,3.28147
3549,2.94589
3550,2.38486
3551,2.23633
3552,3.54307
3553,4.32567
3554,3.52409
3555,3.87714
3556,3.12523
3557,2.63884
3558,3.71591
3559,2.79554
3560,2.70191
3561,4.00951
3562,2.81339
3563,2.85484
3564,3.43132
3565,2.66804
3566,2.49744
3567,3.32859
3568,3.89609
3569,3.42867
3570,3.26921
3571,4.19866
3572,3.76406
3573,2.09741
3574,4.19379
3575,3.32924
3576,3.58772
3577,3.20418
3578,3.12979
3579,3.00372
3580,1.51236
3581,4.25082
3582,4.8148
3583,2.50219
3584,2.82981
3585,3.7096
3586,3.332
3587,3.05441
3588,3.26634
3589,4.07968
3590,4.24362
3591,3.98633
3592,3.45308
3593,3.53197
3594,2.54018
3595,3.83262
3596,3.81493
3597,4.4822
3598,3.14469
3599,3.66936
3600,4.22281
3601,3.61765
3602,2.86996
3603,4.67024
3604,3.25506
3605,3.1676
3606,4.38866
3607,4.0491
3608,3.76712
3609,2.92369
3610,2.58044
3611,3.11227
3612,3.89635
3613,4.00531
3614,4.16298
3615,3.98657
3616,3.37698
3617,4.16265
3618,3.41396
3619,4.42455
3620,2.06848
3621,3.4884
3622,3.97322
3623,2.54595
3624,3.66287
3625,4.0022
3626,3.82154
3627,2.71697
3628,2.45908
3629,1.92292
3630,3.92223
3631,3.35773
3632,4.23727
3633,3.03527
3634,1.16922
3635,2.16443
3636,1.83232
3637,3.74739
3638,3.67592
3639,4.28286
3640,2.77347
3641,2.3963
3642,3.50501
3643,3.72443
3644,3.14799
3645,2.78257
3646,3.86134
3647,3.93796
3648,3.36645
3649,2.86623
3650,3.24037
3651,3.39044
3652,3.43159
3653,3.58169
3654,3.76187
3655,3.55375
3656,2.89608
3657,3.59572
3658,3.66595
3659,1.58913
3660,4.4398
3661,3.93907
3662,3.80005
3663,3.52155
3664,3.25734
3665,2.50306
3666,3.7681
3667,3.36616
3668,3.77508
3669,2.93783
3670,2.73997
3671,3.6067
3672,3.68078
3673,4.63826
3674,2.3768
3675,3.75314
3676,3.18412
3677,3.74463
3678,3.53028
3679,2.80083
3680,3.90571
3681,2.90747
3682,2.87606
3683,2.63022
3684,3.63304
3685,4.07029
3686,2.50714
3687,4.29376
3688,4.7216
3689,2.87316
3690,2.62745
3691,4.44615
3692,4.05522
3693,3.67839
3694,2.47428
3695,3.63893
3696,3.04291
3697,3.83497
3698,3.11905
3699,3.75278
3700,3.56526
3701,4.36037
3702,3.29028
3703,3.74982
3704,3.43516
3705,3.8645
3706,2.94034
3707,3.17249
3708,3.96766
3709,3.3603
3710,2.44852
3711,3.99139
3712,3.35468
3713,3.58997
3714,2.94517
3715,2.68018
3716,3.14317
3717,3.71716
3718,2.93063
3719,3.87589
3720,3.58662
3721,2.98749
3722,2.49756
3723,2.6603
3724,4.26908
3725,3.15047
3726,3.44417
3727,3.38979
3728,3.72276
3729,2.95161
3730,3.22253
3731,3.96943
3732,3.5771
3733,3.26837
3734,3.675
3735,3.32387
3736,3.73949
3737,2.66028
3738,3.47685
3739,3.88669
3740,3.97394
3741,1.60656
3742,3.28547
3743,2.98411
3744,3.48726
3745,3.50843
3746,3.32647
3747,3.97607
3748,3.63324
3749,2.33655
3750,3.82367
3751,4.14307
3752,2.88515
3753,3.69567
3754,3.18572
3755,2.10713
3756,3.19842
3757,1.90833
3758,4.27371
3759,3.3921
3760,4.05923
3761,2.74816
3762,3.70115
3763,4.15386
3764,3.56621
3765,2.68847
3766,2.9161
3767,4.01015
3768,2.70831
3769,3.28916
3770,2.19571
3771,3.95275
3772,3.32648
3773,3.2949
3774,3.47667
3775,2.79273
3776,2.4201
3777,3.29421
3778,3.75732
3779,3.74176
3780,3.69506
3781,3.47462
3782,3.64284
3783,3.39972
3784,3.99378
3785,3.12434
3786,4.13526
3787,3.44281
3788,3.51445
3789,3.26593
3790,3.75439
3791,4.18698
3792,3.02274
3793,4.27791
3794,4.06063
3795,3.07704
3796,3.58402
3797,4.40366
3798,3.99828
3799,3.3338
3800,4.04713
3801,2.79155
3802,2.92355
3803,4.25064
3804,3.00535
3805,3.58543
3806,3.51785
3807,3.80219
3808,3.04183
3809,3.28005
3810,4.28342
3811,4.28417
3812,3.77698
3813,3.07602
3814,2.76419
3815,2.32166
3816,3.43934
3817,1.97106
3818,3.67431
3819,3.74413
3820,3.55513
3821,3.63344
3822,4.37521
3823,2.84974
3824,3.54289
3825,3.53455
3826,2.63082
3827,3.9082
3828,3.44955
3829,3.44475
3830,3.18127
3831,2.70371
3832,3.15071
3833,3.29158
3834,3.40258
3835,2.9541
3836,4.56903
3837,2.93981
3838,3.8306
3839,4.35102
3840,2.52718
3841,3.4309
3842,3.11389
3843,2.27625
3844,4.03232
3845,2.99055
3846,3.83657
3847,3.11323
3848,3.12035
3849,3.09491
3850,3.76291
3851,3.45636
3852,3.05219
3853,3.74872
3854,3.97497
3855,4.51118
3856,3.68328
3857,2.90485
3858,3.75035
3859,3.45886
3860,3.0638
3861,2.89387
3862,2.54674
3863,3.89967
3864,3.97347
3865,3.21376
3866,4.30453
3867,3.37951
3868,3.49792
3869,2.71141
3870,3.69029
3871,3.7003
3872,2.68614
3873,3.81632
3874,3.91997
3875,2.42366
3876,3.65588
3877,3.12388
3878,3.46247
3879,3.17766
3880,2.81397
3881,2.44294
3882,3.38791
3883,3.32809
3884,3.2855
3885,2.91077
3886,4.15103
3887,3.94372
3888,4.00756
3889,3.9548
3890,4.0567
3891,3.28781
3892,4.14186
3893,2.5
3894,3.78817
3895,2.75879
3896,4.10567
3897,4.34659
3898,3.48666
3899,3.24058
3900,3.69082
3901,3.60335
3902,3.25523
3903,3.57499
3904,3.65077
3905,3.66969
3906,3.61263
3907,3.36036
3908,3.23998
3909,2.65269
3910,3.67059
3911,3.6828
3912,3.62003
3913,3.70324
3914,2.68385
3915,3.32977
3916,2.7588
3917,4.36763
3918,3.74448
3919,2.98008
3920,3.84498
3921,4.16806
3922,3.55544
3923,2.99356
3924,3.12536
3925,3.88008
3926,3.34711
3927,4.07418
3928,4.31329
3929,3.89449
3930,3.25552
3931,3.16495
3932,4.59071
3933,3.92339
3934,3.52511
3935,2.86611
3936,3.25819
3937,3.611
3938,3.41846
3939,4.25367
3940,3.6468
3941,2.83462
3942,3.14897
3943,4.12746
3944,2.51799
3945,3.69058
3946,3.72831
3947,2.28688
3948,3.97599
3949,3.26319
3950,2.92721
3951,2.54087
3952,4.01596
3953,3.56641
3954,2.99755
3955,3.90294
3956,3.53546
3957,3.27146
3958,3.57399
3959,3.2314
3960,3.16247
3961,3.76393
3962,3.8106
3963,4.22894
3964,3.94605
3965,3.2208
3966,3.47821
3967,3.0188
3968,2.48653
3969,3.87029
3970,2.23627
3971,3.45579
3972,3.26798
3973,4.05084
3974,3.99297
3975,2.60622
3976,3.90249
3977,2.34976
3978,4.40686
3979,3.19629
3980,4.16175
3981,2.77773
3982,3.67401
3983,3.42008
3984,3.84293
3985,3.51106
3986,2.38446
3987,3.76316
3988,1.8023
3989,3.84067
3990,3.78477
3991,3.12953
3992,3.34178
3993,4.17165
3994,3.43853
3995,3.46931
3996,3.93012
3997,3.02037
3998,4.12149
3999,3.36859
4000,3.82282
4001,3.46406
4002,3.95179
4003,3.1181
4004,3.80258
4005,3.8411
4006,3.12163
4007,2.70875
4008,2.6965
4009,3.19711
4010,4.32405
4011,4.17267
4012,3.26481
4013,3.72452
4014,2.93472
4015,3.52536
4016,3.14429
4017,4.13345
4018,3.90919
4019,2.38185
4020,2.95448
4021,3.40049
4022,3.99689
4023,2.97494
4024,3.65737
4025,4.02439
4026,3.60527
4027,3.33856
4028,4.13634
4029,2.93925
4030,3.60764
4031,3.78549
4032,3.82073
4033,2.40113
4034,3.64934
4035,3.35068
4036,3.71303
4037,3.15198
4038,3.0325
4039,3.4618
4040,4.52981
4041,4.43905
4042,3.25916
4043,2.34284
4044,4.66169
4045,3.878
4046,4.2847
4047,3.10998
4048,3.91585
4049,4.17672
4050,3.00644
4051,3.19544
4052,3.22424
4053,2.2535
4054,3.1242
4055,3.13993
4056,3.93827
4057,1.22767
4058,2.9887
4059,3.57444
4060,3.57123
4061,4.04237
4062,3.79896
4063,3.31141
4064,2.31371
4065,3.75515
4066,3.13413
4067,2.26732
4068,3.2069
4069,3.94097
4070,4.09078
4071,2.09079
4072,3.97047
4073,3.06497
4074,3.57591
4075,2.50571
4076,3.03233
4077,2.90526
4078,3.63379
4079,3.26916
4080,3.12241
4081,3.29034
4082,2.65927
4083,3.56985
4084,4.42956
4085,3.47538
4086,2.81655
4087,4.04581
4088,3.50422
4089,3.95749
4090,3.39338
4091,3.14609
4092,3.69141
4093,1.65431
4094,4.12008
4095,4.32701
4096,3.55313
4097,4.08523
4098,3.41284
4099,3.14837
4100,3.06524
4101,3.51142
4102,3.78036
4103,4.16563
4104,3.44725
4105,3.65324
4106,3.08334
4107,3.56917
4108,4.40555
4109,3.2484
4110,4.38052
4111,4.20163
4112,2.89121
4113,3.5916
4114,3.9119
4115,3.2084
4116,4.10421
4117,4.00446
4118,3.74015
4119,4.49825
4120,3.94121
4121,1.90778
4122,2.76139
4123,3.82057
4124,3.85531
4125,2.91838
4126,3.72966
4127,4.00522
4128,3.87787
4129,2.88089
4130,3.90744
4131,2.91593
4132,2.79618
4133,4.05531
4134,4.06562
4135,3.53324
4136,4.38556
4137,4.01437
4138,3.57696
4139,3.8351
4140,3.93487
4141,4.01557
4142,2.53888
4143,2.52719
4144,3.33757
4145,4.04853
4146,4.00756
4147,3.88492
4148,3.04241
4149,3.80287
4150,3.4191
4151,3.02579
4152,3.59567
4153,3.34702
4154,3.79558
4155,3.26398
4156,3.81076
4157,3.06905
4158,3.86853
4159,3.9973
4160,3.47501
4161,4.30773
4162,3.85887
4163,3.81371
4164,3.87893
4165,2.77637
4166,3.54749
4167,3.36685
4168,2.79513
4169,4.09329
4170,3.32955
4171,3.35959
4172,3.10993
4173,2.90562
4174,3.36744
4175,2.94088
4176,3.83475
4177,3.26633
4178,3.77319
4179,2.3791
4180,2.22104
4181,2.98207
4182,4.12788
4183,3.49031
4184,2.80657
4185,3.20966
4186,3.56826
4187,3.97834
4188,3.08466
4189,3.51582
4190,3.98781
4191,3.5458
4192,2.88905
4193,3.15073
4194,4.18165
4195,2.34865
4196,2.93737
4197,2.31598
4198,2.80786
4199,3.75211
4200,3.76972
4201,2.96556
4202,3.95477
4203,3.97085
4204,3.87908
4205,4.27778
4206,2.61888
4207,3.2418
4208,3.20786
4209,4.27627
4210,4.17552
4211,3.93773
4212,2.67095
4213,3.22289
4214,3.89897
4215,3.05263
4216,3.59261
4217,3.70417
4218,3.15229
4219,3.24224
4220,2.71946
4221,3.82498
4222,4.08138
4223,3.40337
4224,4.00559
4225,4.29
4226,4.0378
4227,2.86148
4228,3.81797
4229,3.83922
4230,3.04035
4231,3.08831
4232,3.8002
4233,3.78129
4234,3.20875
4235,3.66266
4236,2.57716
4237,3.22332
4238,3.64184
4239,3.04786
4240,3.61074
4241,1.75211
4242,3.10144
4243,2.316
4244,3.42988
4245,3.78823
4246,3.42972
4247,3.54318
4248,4.36424
4249,4.13741
4250,3.76572
4251,3.94964
4252,2.12822
4253,3.30066
4254,3.99665
4255,3.52038
4256,3.63511
4257,3.09874
4258,3.33407
4259,3.67027
4260,3.46654
4261,4.23175
4262,3.75846
4263,3.74915
4264,3.14482
4265,3.60002
4266,4.50601
4267,3.18989
4268,3.42518
4269,3.54045
4270,3.3503
4271,3.44835
4272,3.26874
4273,3.966
4274,2.66153
4275,3.09069
4276,4.1327
4277,3.9599
4278,3.20589
4279,4.0946
4280,2.93865
4281,3.07296
4282,3.31983
4283,3.39103
4284,2.94572
4285,3.93687
4286,3.73417
4287,3.42345
4288,3.60619
4289,2.71507
4290,4.75717
4291,1.28323
4292,2.86637
4293,3.86556
4294,3.22861
4295,3.52397
4296,3.13771
4297,1.93343
4298,3.04716
4299,3.32167
4300,3.88589
4301,4.13897
4302,2.87568
4303,2.61682
4304,3.69572
4305,3.83645
4306,4.08205
4307,3.87868
4308,2.32177
4309,3.67565
4310,3.68583
4311,3.01534
4312,3.03793
4313,4.0291
4314,3.60727
4315,2.13658
4316,3.07471
4317,4.01212
4318,3.33358
4319,4.20435
4320,2.95364
4321,4.1655
4322,3.77283
4323,2.42989
4324,3.94909
4325,3.67204
4326,4.08566
4327,3.85668
4328,3.61
4329,3.63785
4330,3.02122
4331,3.14244
4332,3.29569
4333,3.50765
4334,3.62958
4335,4.33268
4336,3.37629
4337,3.61047
4338,3.60386
4339,3.52778
4340,3.31516
4341,3.27282
4342,3.95617
4343,2.00553
4344,3.39828
4345,4.15162
4346,3.73057
4347,4.09413
4348,3.04405
4349,3.89961
4350,3.01471
4351,3.92482
4352,3.64885
4353,3.36594
4354,4.41872
4355,3.58121
4356,3.69302
4357,3.27196
4358,3.52635
4359,3.64919
4360,3.2955
4361,2.53128
4362,4.13855
4363,3.09728
4364,2.9367
4365,3.67333
4366,4.5288
4367,3.63559
4368,3.52513
4369,4.10721
4370,3.64121
4371,3.41882
4372,3.14672
4373,4.52911
4374,4.08094
4375,3.12821
4376,1.94547
4377,4.07801
4378,3.75408
4379,3.5024
4380,3.7095
4381,4.48502
4382,2.92387
4383,4.06799
4384,2.6997
4385,3.54371
4386,3.11757
4387,3.67227
4388,3.54263
4389,2.50295
4390,3.42943
4391,2.56197
4392,4.112
4393,3.37563
4394,3.7711
4395,3.11317
4396,2.9728
4397,4.27305
4398,3.84328
4399,3.6044
4400,4.18116
4401,2.26657
4402,3.11814
4403,2.35044
4404,3.76479
4405,3.96909
4406,3.97534
4407,3.53806
4408,2.34559
4409,3.42388
4410,3.7357
4411,2.21515
4412,3.44303
4413,2.12304
4414,3.30042
4415,3.74832
4416,3.58288
4417,3.08756
4418,3.60719
4419,3.30969
4420,2.96601
4421,1.467
4422,2.91622
4423,3.79283
4424,3.49233
4425,4.37988
4426,2.9629
4427,3.90702
4428,4.04465
4429,3.41957
4430,3.85749
4431,3.95811
4432,3.59795
4433,3.9215
4434,4.04064
4435,3.374
4436,4.30445
4437,3.31969
4438,1.5138
4439,3.54573
4440,4.31177
4441,3.54131
4442,4.41157
4443,3.3264
4444,3.75774
4445,4.14354
4446,3.41617
4447,3.696
4448,3.2169
4449,2.81804
4450,2.52657
4451,3.79558
4452,3.36092
4453,3.98037
4454,4.13267
4455,4.05368
4456,4.25757
4457,2.85141
4458,3.32603
4459,3.59859
4460,3.63772
4461,3.4182
4462,2.9309
4463,3.27496
4464,3.27792
4465,3.26749
4466,3.16014
4467,3.04909
4468,2.87967
4469,3.30666
4470,3.0071
4471,3.29205
4472,3.71369
4473,3.59531
4474,3.68452
4475,3.31824
4476,3.42857
4477,3.94412
4478,3.32198
4479,2.79917
4480,3.2053
4481,2.94123
4482,2.26763
4483,3.83039
4484,3.69224
4485,4.0528
4486,3.421
4487,3.69047
4488,3.85269
4489,3.66089
4490,2.9992
4491,3.67319
4492,3.35923
4493,3.44962
4494,2.44747
4495,2.71423
4496,3.30717
4497,3.9364
4498,3.92601
4499,3.25601
4500,3.10931
4501,3.38991
4502,3.17899
4503,2.86406
4504,3.51616
4505,4.03158
4506,2.47544
4507,3.48956
4508,3.39826
4509,3.50652
4510,3.68948
4511,3.34301
4512,3.73862
4513,3.8617
4514,2.73818
4515,3.42748
4516,3.98281
4517,2.8076
4518,3.22123
4519,2.26089
4520,3.01888
4521,2.76976
4522,3.58727
4523,3.77751
4524,3.96336
4525,3.03164
4526,2.43974
4527,3.10714
4528,2.81978
4529,2.64451
4530,3.55804
4531,3.32747
4532,3.16705
4533,3.07808
4534,3.83638
4535,1.6456
4536,2.75771
4537,3.39641
4538,3.37915
4539,2.49455
4540,3.89451
4541,3.65138
4542,3.07515
4543,3.58433
4544,4.15049
4545,4.07424
4546,3.96001
4547,3.45849
4548,3.34267
4549,2.91303
4550,3.28392
4551,4.01088
4552,4.52599
4553,3.77343
4554,3.26889
4555,3.41693
4556,3.56804
4557,1.37278
4558,3.4497
4559,3.09292
4560,3.81414
4561,3.84633
4562,4.34519
4563,4.07442
4564,3.39473
4565,2.96662
4566,3.34095
4567,3.84057
4568,3.28904
4569,3.32252
4570,4.00192
4571,3.43846
4572,3.40508
4573,4.41957
4574,3.43965
4575,2.70185
4576,2.20826
4577,3.0616
4578,3.02978
4579,2.27336
4580,3.62357
4581,2.99987
4582,3.53198
4583,3.40939
4584,3.70214
4585,3.29086
4586,3.44776
4587,2.98956
4588,3.68921
4589,3.65492
4590,3.49432
4591,2.75267
4592,3.7884
4593,3.8954
4594,0.838329
4595,3.40153
4596,3.0849
4597,3.36033
4598,3.41002
4599,2.95836
4600,3.32041
4601,3.75508
4602,3.88158
4603,4.83023
4604,4.40243
4605,3.26378
4606,4.5464
4607,2.97897
4608,4.07175
4609,3.64173
4610,3.89649
4611,4.30826
4612,3.87304
4613,4.44018
4614,3.64221
4615,3.89013
4616,3.85634
4617,3.65176
4618,2.86263
4619,3.83368
4620,3.85959
4621,3.42747
4622,3.53888
4623,3.86364
4624,3.62857
4625,3.05401
4626,3.22927
4627,2.66338
4628,3.38513
4629,3.99207
4630,3.90342
4631,4.3003
4632,3.94348
4633,3.5749
4634,3.30449
4635,4.07735
4636,3.30832
4637,3.2753
4638,3.23559
4639,3.87479
4640,3.78433
4641,3.32897
4642,3.97981
4643,4.64073
4644,1.80513
4645,3.30441
4646,3.32975
4647,2.86345
4648,3.27858
4649,4.0863
4650,1.95992
4651,3.66754
4652,3.81406
4653,3.17095
4654,3.27919
4655,3.98998
4656,2.18479
4657,2.78924
4658,2.85453
4659,3.83996
4660,4.01529
4661,3.20602
4662,4.06941
4663,4.05701
4664,4.02967
4665,2.88125
4666,3.65977
4667,3.03812
4668,2.22167
4669,2.00008
4670,3.77847
4671,3.62534
4672,2.68278
4673,4.20736
4674,4.33939
4675,3.70883
4676,2.7207
4677,3.18231
4678,3.55337
4679,3.06997
4680,2.37187
4681,3.46073
4682,3.46769
4683,3.98115
4684,3.98019
4685,3.71478
4686,3.28864
4687,3.9418
4688,4.03216
4689,3.90592
4690,3.23449
4691,3.24572
4692,3.70809
4693,4.18773
4694,3.43729
4695,4.20154
4696,3.38428
4697,3.16052
4698,3.193
4699,3.57241
4700,2.24417
4701,4.47719
4702,3.47419
4703,2.35996
4704,4.26798
4705,3.25829
4706,3.89611
4707,2.8037
4708,3.32851
4709,3.53245
4710,3.86476
4711,3.77501
4712,3.68725
4713,2.08207
4714,2.9533
4715,3.58362
4716,3.1137
4717,3.72257
4718,3.26148
4719,3.47694
4720,3.11807
4721,3.82829
4722,3.946
4723,3.12713
4724,3.75057
4725,3.62983
4726,3.6998
4727,3.94945
4728,3.46088
4729,2.08291
4730,3.11928
4731,3.5048
4732,2.99512
4733,3.88141
4734,3.96378
4735,3.5741
4736,4.0145
4737,3.42973
4738,3.78474
4739,3.789
4740,2.87114
4741,3.64917
4742,3.25775
4743,3.1735
4744,3.98631
4745,3.95967
4746,3.87918
4747,2.92814
4748,3.81707
4749,3.99734
4750,3.32284
4751,3.88215
4752,3.71261
4753,2.98126
4754,3.70694
4755,3.63188
4756,3.31396
4757,3.85841
4758,2.82654
4759,3.75428
4760,4.01464
4761,3.70336
4762,3.32135
4763,3.69692
4764,3.35568
4765,2.47443
4766,4.18255
4767,3.03424
4768,2.59324
4769,2.67579
4770,4.31507
4771,3.27294
4772,2.00381
4773,3.24297
4774,4.08146
4775,3.21177
4776,2.95029
4777,3.8624
4778,3.16932
4779,3.00325
4780,4.00796
4781,3.94939
4782,3.43533
4783,3.72804
4784,2.48096
4785,4.09574
4786,4.49158
4787,2.60066
4788,3.56167
4789,3.52073
4790,3.89268
4791,4.05614
4792,3.96913
4793,4.46289
4794,3.62211
4795,4.15433
4796,3.34617
4797,3.46008
4798,1.93065
4799,3.23601
4800,3.10688
4801,2.36969
4802,4.35406
4803,4.03442
4804,4.40017
4805,3.41627
4806,3.51979
4807,3.01529
4808,3.74769
4809,2.91121
4810,3.424
4811,3.39392
4812,3.40836
4813,3.726
4814,2.83437
4815,3.69713
4816,3.15649
4817,3.21369
4818,1.52387
4819,3.38703
4820,3.99019
4821,3.80758
4822,3.5457
4823,2.91428
4824,4.20233
4825,4.16387
4826,3.64497
4827,3.29921
4828,3.4031
4829,3.48484
4830,3.0041
4831,3.7758
4832,4.05564
4833,3.74578
4834,3.62353
4835,2.92961
4836,2.39683
4837,3.66619
4838,3.60765
4839,0.684398
4840,3.08512
4841,3.87894
4842,3.32436
4843,4.00717
4844,4.44452
4845,3.26855
4846,2.46004
4847,4.52624
4848,3.27165
4849,4.04761
4850,4.06581
4851,4.31495
4852,3.07908
4853,2.05053
4854,3.06169
4855,2.34321
4856,4.08968
4857,4.19141
4858,4.05042
4859,3.15648
4860,3.05162
4861,3.30686
4862,2.2925
4863,3.79886
4864,3.16993
4865,3.54304
4866,4.08184
4867,4.35289
4868,3.16607
4869,3.94991
4870,3.03502
4871,3.20958
4872,3.55105
4873,4.33473
4874,2.5565
4875,3.29057
4876,3.6387
4877,4.25383
4878,3.89861
4879,3.28587
4880,2.88377
4881,3.48775
4882,2.94833
4883,3.09877
4884,3.38598
4885,3.92298
4886,4.04377
4887,3.65171
4888,3.47909
4889,2.88877
4890,3.3984
4891,3.37694
4892,3.21229
4893,3.24417
4894,2.9304
4895,2.86665
4896,3.83042
4897,3.95093
4898,4.07711
4899,2.49816
4900,3.29043
4901,3.43116
4902,3.35803
4903,2.64454
4904,3.31022
4905,3.75424
4906,3.87101
4907,3.76037
4908,3.94339
4909,3.52531
4910,3.68717
4911,3.34924
4912,2.66464
4913,3.37946
4914,3.12949
4915,4.11834
4916,4.01618
4917,3.25792
4918,4.79807
4919,3.08419
4920,2.99052
4921,3.89603
4922,3.87642
4923,3.67507
4924,2.65992
4925,3.21722
4926,4.48047
4927,2.2719
4928,3.6939
4929,3.58814
4930,4.23659
4931,3.89549
4932,3.32582
4933,3.28256
4934,3.12821
4935,2.88996
4936,3.06379
4937,3.28703
4938,3.72972
4939,3.78058
4940,3.13154
4941,2.77897
4942,4.02607
4943,3.56707
4944,3.72285
4945,4.04078
4946,4.19136
4947,3.00242
4948,3.81391
4949,3.29671
4950,2.90462
4951,3.13707
4952,4.40417
4953,3.22907
4954,3.23521
4955,3.92892
4956,4.16922
4957,4.51538
4958,4.39985
4959,4.03041
4960,2.8458
4961,2.93954
4962,3.72905
4963,3.35551
4964,2.964
4965,2.60968
4966,2.57554
4967,4.23616
4968,3.22719
4969,3.37298
4970,2.73499
4971,2.32076
4972,3.58107
4973,2.34809
4974,3.84727
4975,4.06571
4976,3.49664
4977,3.39693
4978,3.86694
4979,3.73424
4980,3.93514
4981,3.59892
4982,3.01102
4983,4.16589
4984,3.49823
4985,3.7979
4986,3.93345
4987,3.75011
4988,2.43098
4989,3.54817
4990,2.64696
4991,3.3417
4992,3.00906
4993,2.73506
4994,3.95932
4995,3.25208
4996,2.54627
4997,3.19469
4998,4.43601
4999,3.59262
